question,answer
What does the article explain about What is the political agenda of artificial intelligence? | Opinions | Al ...?,Could AI single-handedly decide the course of our history.
What impact does the article mention about Facebook reveals AI use to block 'terrorist content' | Science and ...?,US company says technology used to block child pornography pressed into service to address spread of propaganda online.
What important detail is provided about Could artificial intelligence lead to world peace? | Humanitarian ...?,Can one man with terminal cancer complete his mission to use artificial intelligence to solve disputes before he dies.
What important detail is provided about Artificial intelligence without borders | US-Mexico Border | Al Jazeera?,The US border-industrial complex has joined the AI game.
What impact does the article mention about Paris AI summit?,"While some countries want to ensure inclusion in development of AI, others call for low regulation."
What does the article reveal about Artificial intelligence must not exacerbate inequality further ... technology?,UNESCO has put forward a framework that can help reverse the negative trends in the AI revolution.
What does the article reveal about UN approves its first resolution on artificial intelligence | Technology ... technology?,The UN General Assembly has called for a set of international guidelines to address the risks and benefits of AI.
What benefit is described in relation to EU parliament greenlights landmark artificial intelligence regulations ...?,Europe moves closer to adopting world’s first AI rules as EU lawmakers endorse provisional agreement.
What benefit is described in relation to Did artificial intelligence shape the 2024 US election? | US Election ...?,"Experts feared AI deepfakes in elections, but traditional misinformation methods like social media claims prevailed."
"What key change involving US, China lead race for artificial intelligence patents is noted?","The UN said patents for AI-based inventions have exploded in recent years, with half in history filed since 2013."
What does the article explain about Should artificial intelligence be regulated? | TV Shows | Al Jazeera?,"On Wednesday, July 27 at 19:30 GMT:In the past decade, artificial intelligence technologies have spread into almost every field."
What does the report say about US National Security Agency unveils artificial intelligence security ...?,"NSA Director Paul Nakasone says US maintains advantage in AI development but capabilities can not be ‘taken for granted’, emphasising threat from China."
What concern is raised about Artificial intelligence reinforces power and privilege | Science and ...?,Computational surveillance empowers governments and corporations and diminishes accountability.
What impact does the article mention about How much of a threat is artificial intelligence? | TV Shows | Al Jazeera?,Elon Musk and many other tech experts call for a six-month pause on AI systems.
What problem connected to What is Sora Turbo and is it a game-changer for artificial intelligence ... is described?,"Launch triggers an online frenzy among users, causing the company to temporarily halt new account creations."
What does the article explain about Musk launches artificial intelligence rival to ChatGPT's OpenAI ...?,Elon Musk’s latest venture xAI says it will seek to ‘understand the true nature of the universe’.
What outcome related to The Trump administration could reverse progress on AI regulation ... is discussed?,"US President-elect Donald Trump’s pick for the Federal Trade Commission chair is expected to push back against regulating AI, undermining efforts so far."
What implication is linked to Project Force?,"Artificial Intelligence is already part of our lives, and as the technology matures it will play a key role in future wars."
What issue is discussed regarding Does artificial intelligence pose a risk to humans? | Technology | Al ...?,"Jaan Tallinn, one of the co-founders of hit software like Skype and Kazaa, says AI poses an existential risk to humans."
What key change involving Vance rails against AI regulation in Paris as US faces off with EU ... is noted?,US vice president warns global leaders against striking AI deals with ‘authoritarian regimes’ in a veiled jab at China.
What challenge is associated with Governments race to regulate artificial intelligence tools ...?,EU lawmakers reached a preliminary deal in April on a draft that could pave the way for the world’s first comprehensive laws governing the technology.
What important detail is provided about The next (r)evolution?,Should we worry about chatbots becoming ‘sentient’.
"What important detail is provided about AI needs 'global governance', cannot be left to market, UN panel ...?","Expert body makes seven recommendations on regulating AI, including establishment of fund to help developing countries."
What outcome related to Is artificial intelligence the future of warfare? | Technology | Al Jazeera is discussed?,We discuss the risks behind autonomous weapons and their role in our everyday lives.
What major point does the article provide about AI will revolutionise the way we communicate – and live | Science ...?,AI-enabled fully fluent live audio translation may bring the end of the nation state as we know it.
What issue is discussed regarding Lisbon's Web Summit?,"As AI helps scientists improve tasks like speech recognition, others caution about its potential future threats."
What key change involving Pope Francis calls for ban on 'lethal autonomous weapons' at G7 ... is noted?,"Pope Francis spoke about the moral quandaries surrounding artificial intelligence in warfare, saying ‘no machine should ever choose to take the life of a human being’."
What implication is linked to The case for bottom-up AI | Opinions | Al Jazeera?,"With an open source approach, AI can help us build a more inclusive, innovative, and democratic society."
What major point does the article provide about The AI boom is fuelling scams. What can be done to stop them ...?,"AI technology is fuelling an explosion in voice cloning scams, but who is responsible for regulating this technology."
What concern is raised about North Korea's Kim Jong Un oversees tests of new AI-equipped ...?,North Korea’s leader oversaw tests of his country’s latest military innovations involving the use of artificial intelligence.
What benefit is described in relation to AI must not become a driver of human rights abuses | Opinions | Al ...?,It is the responsibility of AI companies to ensure their products do not facilitate violations of human rights.
What important detail is provided about White House tells tech CEOs they have 'moral duty' on AI ...?,US President Joe Biden tells CEOs their work on AI has ‘enormous potential and enormous danger’.
What problem connected to Jaron Lanier is described?,"The man who coined ‘virtual reality’ says AI poses no threat, and resisting technological progress is futile anyway."
"What problem connected to AI could cause nuclear-level disaster, third of experts tell poll ... is described?",Stanford University report says ‘incidents and controversies’ associated with AI have increased 26 times in a decade.
What concern is raised about Hawking and Wozniak issue warning over 'killer robots' | Science ...?,Technology and scientific leaders issue letter warning against threat of potential artificial intelligence arms race.
What does the article reveal about Does artificial intelligence pose the risk of human extinction? | TV ... technology?,Tech industry leaders issue a warning as governments consider how to regulate AI without stifling innovation.
What challenge is associated with Can AI mediate conflict better than humans? | Technology News | Al ...?,"For decades, humans skills alone enabled dispute resolution."
What development related to 'AI-assisted genocide' is mentioned?,Two Israeli media outlets report the Israeli military’s use of an AI-assisted system called Lavender to identify Gaza targets.
What important detail is provided about US mother says in lawsuit that AI chatbot encouraged son's suicide ...?,AI and Google after 14-year-old son allegedly became obsessed with AI chatbot.
What impact does the article mention about 'Never say goodbye'?,Artificial intelligence is increasingly creating resurrections of the dead amid a debate around how much it helps or hurts users.
What does the report say about Google blames AI as its emissions grow instead of heading to net ...?,Google points to artificial intelligence and the demand it puts on energy-hungry data centres for its growth in emissions.
"What development related to AI helping US Treasury bust fraudsters, saving billions | Crime News ... is mentioned?","3bn in tax fraud in the 2024 fiscal year, says the Treasury."
What impact does the article mention about What to know about the UK's AI Safety Summit | Technology News ...?,"Meta, OpenAI and Google are some of the companies attending PM Rishi Sunak’s summit on the risks and misuses of artificial intelligence."
"What benefit is described in relation to Elon Musk wants to use AI to run US gov't, but experts say 'very bad ...?","Gov’t use of AI can go wrong in many ways, experts say, including lack of transparency on how tools are trained."
What important detail is provided about How China is using AI and big data to fight the coronavirus ...?,Authorities in China step up surveillance and roll out new artificial intelligence tools to fight deadly epidemic.
"What implication is linked to AI poses 'risk of extinction', tech CEOs warn | Technology | Al Jazeera?",Warning follows open letter earlier this year that called for a six-month pause on AI development.
What development related to UN warns law enforcement against using 'big data' to discriminate ... is mentioned?,UN experts urged agencies around the world to ensure that the data they collect from artificial intelligence isn’t used to discriminate against minority groups.
What major point does the article provide about Biden announces 'strongest' regulations yet to ensure safety of AI ...?,Developers of powerful AI will have to share safety results and critical information with the US government.
What impact does the article mention about Pope urges Silicon Valley to avoid slide towards new 'barbarism ...?,The Vatican is hosting Silicon Valley execs ahead of a possible papal document on artificial intelligence.
What problem connected to China's Baidu cancels showcase for ChatGPT rival Ernie ... is described?,"Beijing-based search engine giant changes showcase to closed-door event for firms, citing ‘strong demand’."
What concern is raised about Will ChatGPT take your job — and millions of others? | Technology ...?,The latest AI wave will disrupt the workplace.
What issue is discussed regarding 'AI moving fast'?,Technology minister says technology has potential to ‘transform our public services and the economy for the better’.
What development related to Apple testing platforms to rival OpenAI's ChatGPT | Technology | Al ... is mentioned?,Tech giant reportedly testing a chatbot after lagging behind rivals in growing field of AI.
What concern is raised about Microsoft unveils $2.2bn investment in Malaysia focused on AI ...?,"Microsoft CEO Satya Nadella says firm will provide education and training to 200,000 people."
What major point does the article provide about Tech savvy?,4 trillion over the next six years to become the global leader in technology.
"What does the report say about What's DeepSeek, China's AI startup sending shockwaves through ...?",Chip giant Nvidia shed nearly $600bn in market value after Chinese AI model cast doubt on supremacy of US tech firms.
What major point does the article provide about Tech giant Nvidia unveils higher performing 'superchips' to power AI ...?,Nvidia CEO Jensen Huang tells developers conference that computing is advancing at an ‘insane’ rate.
What outcome related to South Korea removes DeepSeek from app stores pending privacy ... is discussed?,Personal Information Protection Commission says Chinese start-up accepted proposal to suspend downloads of AI chatbot.
What impact does the article mention about Google signs deal with startup to build small nuclear reactors to ...?,Deal with Kairos Power comes as tech giants are scouring the globe for electricity sources to power data centres.
What important detail is provided about Could OpenAI's Sora text-to-video generator kill off jobs in ...?,Some say it’s ‘game over’ for creative professionals in the film industry.
"What major point does the article provide about 'Smart cities' are being urged to look beyond rich, white men ...?","Advocates warn that a push towards technology risks leaving the poor, elderly and disabled behind."
What concern is raised about The Take?,The carbon footprint of artificial intelligence is raising concerns.
"What development related to Baker, Jumper, Hassabis win Nobel Prize in chemistry for work on ... is mentioned?",‘They cracked the code’; laureates hailed for revealing proteins’ secrets through computing and artificial intelligence.
"What major point does the article provide about US intel warns China could dominate AI, gain military edge ...?","Beijing’s ambitions in advanced technologies could give it an upper hand in healthcare and other vital sectors in the United States, the US National Counterintelligence and Security Center said on Friday."
"What problem connected to UK spy chief warns China, Russia racing to master AI | News | Al ... is described?",MI6 chief Richard Moore says Beijing and Moscow ‘pouring money’ into technological advances that will reshape espionage and geopolitics.
"What challenge is associated with Microsoft, Google post double-digit profit rises, boosting case for AI ...?",Tech giants’ shares surge after stronger-than-expected earnings.
"What does the report say about Most news consumers suspicious of AI in journalism, survey shows ...?","News consumers most opposed to use of AI for sensitive topics such as politics, report finds."
What major point does the article provide about 'Setting the standard'?,The proposal would ban AI in ‘social scoring’ systems that judge people based on behaviour and physical traits.
What benefit is described in relation to Apple launches AI iPhone as Huawei casts shadow with tri-fold ...?,"At its developer conference in June, Apple unveiled Apple Intelligence, its take on generative AI that can conjure text, images and other content on command."
"What does the article explain about Pope warns of AI dangers, urges fair wages for migrants on ...?",Francis meets local officials and dignitaries in affluent city-state at the end of his Asia Pacific tour.
What does the article explain about 'A lack of trust'?,"At least 20 states have passed regulations against election deepfakes, but federal action remains stalled."
"What impact does the article mention about AI 'could be' danger to society, US President Biden says ...?",Joe Biden says AI developers have a responsibility to ensure products are safe before releasing them to the public.
"What challenge is associated with What is Project Nimbus, and why are Google workers protesting ...?",Tech workers are protesting against the use of artificial intelligence and other technologies by Israel in its war on Gaza.
What implication is linked to Which countries have banned DeepSeek and why? | Business and ...?,"DeepSeek is banned on government devices in South Korea, Australia and Taiwan."
What does the article reveal about European Union reaches agreement on landmark legislation to ... technology?,EU chief Ursula von der Leyen hails AI Act as ‘global first’ that will safeguard rights of people and businesses.
What impact does the article mention about Can simplifying AI rules in Europe create competition for US and ...?,Europe to cut red tape to make artificial intelligence advancements easier.
"What impact does the article mention about Chipmaker Nvidia forecasts robust revenue on AI, metaverse buzz ...?",The world’s biggest maker of graphics and AI chips expects fourth-quarter revenue to grow above analysts’ expectations.
What challenge is associated with Singapore says embrace crypto or risk being 'left behind' | Business ...?,The benefits of having a well-regulated local crypto industry could also extend beyond the financial sector.
What impact does the article mention about Bitcoin?,Here are a few of the traditional banks and exchange operators that allow you to buy Bitcoin and other cryptocurrencies.
What impact does the article mention about The end of America's space dreams? | Environment News | Al Jazeera?,Experts divided over future of US manned spaceflight after Shuttle replacement shelved.
What does the report say about US to build base on Moon | News | Al Jazeera?,"The project will begin with crews, on short vists, building solar-powered living quarters."
What issue is discussed regarding India set to launch Mars exploration mission | Environment News | Al ...?,Rocket carrying unmanned probe to lift off from east coast for 780-million-km journey to study Martian atmosphere.
What challenge is associated with China's Chang'e-6 lifts off from far side of Moon with rock samples ...?,Probe’s successful departure from the Moon means China is closer to becoming the first country to return samples from the far side of the Moon.
"What concern is raised about We should drop the Apollo model in space, but keep the inspiration ...?","Instead of wondering how NASA lost its edge, we ought to lay a foundation for a systematic exploration of space."
What concern is raised about India launches Mars exploration mission | Environment News | Al ...?,Rocket carrying unmanned probe lifts off from southern coast for 780-million-km journey to study the Martian atmosphere.
What outcome related to Tiangong-1 crash preludes China's massive space ambitions ... is discussed?,"Shunned by the US’ space programme, China is investing heavily in its own technologies, revealing huge ambition."
What challenge is associated with NASA's Perseverance rover lifts off to Mars | Space | Al Jazeera?,Rover will search for evidence of life and help bring NASA one step closer to landing humans on Mars.
What challenge is associated with Mars Surveyor 'lost in space' | News | Al Jazeera?,Nasa scientists lose contact with a spacecraft mapping Mars.
What key change involving Space race is noted?,Deep-space ventures by the three countries will all arrive at Earth’s planetary neighbour this month to analyse its atmosphere and surface as well as look for signs of past life.
What key change involving Eastern space politics meets Western space business | Opinions | Al ... is noted?,"The US space programme needs to turn to private entrepreneurs to fund its astronauts, or face being overtaken by China."
What important detail is provided about NASA's Insight lands on Mars – What's next? | Science and ...?,The InSight mission will be the first mission ever to explore the deep insides of the Red Planet.
What does the report say about Guernsey headteachers adapt to AI use in education?,A Guernsey headteacher has changed the school curriculum to include Artificial Intelligence (AI) because of its potential impact on the futures of students.
What development related to Nvidia is mentioned?,Computer chip giant Nvidia has once again found itself at the centre of US-China tensions over trade and technology.
What important detail is provided about Irish wolfhounds join writer's protest on Meta AI?,"Irish wolfhounds have joined a protest by writers, who are protesting about what they describe as ""any piracy"" of their works being used by Meta's AI model."
What problem connected to Nvidia shares plunge amid $5.5bn hit over export rules to China is described?,Shares in Nvidia plunged on Wednesday after the computer chip giant said it would be hit by $5.
What implication is linked to Everyone's jumping on the AI doll trend - but what are the concerns??,"When scrolling through social media, you may have recently seen friends and family appearing in miniature."
What does the report say about 'Devon needs AI skills for growth'?,"Giving people AI skills is essential for future growth in Devon, a business expert has said."
"What problem connected to 'Black Mirror could just run and run', says series creator Charlie Brooker is described?",It's only been a couple of years since the last series of Charlie Brooker's dystopian Netflix show Black Mirror landed.
What important detail is provided about Sam Altman's AI-generated cricket jersey image gets Indians talking?,"India is a cricket-crazy nation, and it seems the AI chatbot ChatGPT hasn't missed that fact."
What implication is linked to 'We need to speak up'?,Landing a publishing deal was a dream come true for Jack Strange.
